id,skor,tier,justifikasi,sig_iv_regime,sig_skew_pressure,sig_rich_premium,iv_mean,put_minus_call,n_kontrak
MU,0.9603,beli_konveksitas,"Tier 'beli_konveksitas' didorong oleh: iv_regime (+0.400), skew_pressure (+0.310)",1.0,0.8864871921213829,1.0,0.2463,0.1665,210
AMD,0.9442,beli_konveksitas,"Tier 'beli_konveksitas' didorong oleh: iv_regime (+0.366), skew_pressure (+0.350)",0.9141662369668708,1.0,0.9141662369668708,0.2282,0.2088,232
DIA,0.9169,beli_konveksitas,"Tier 'beli_konveksitas' didorong oleh: iv_regime (+0.388), skew_pressure (+0.287)",0.9696543353455146,0.8189454081347713,0.9696543353455146,0.2399,0.1414,322
META,0.8855,beli_konveksitas,"Tier 'beli_konveksitas' didorong oleh: iv_regime (+0.381), skew_pressure (+0.267)",0.9514462875140829,0.7629388348779256,0.9514462875140829,0.236,0.1205,230
QQQ,0.8335,beli_konveksitas,"Tier 'beli_konveksitas' didorong oleh: skew_pressure (+0.324), iv_regime (+0.314)",0.7843957280248827,0.9244792868159204,0.7843957280248827,0.2008,0.1807,277
NVDA,0.8218,beli_konveksitas,"Tier 'beli_konveksitas' didorong oleh: iv_regime (+0.355), skew_pressure (+0.245)",0.886947804614764,0.7009988296855348,0.886947804614764,0.2224,0.0974,86
INTC,0.8102,beli_konveksitas,"Tier 'beli_konveksitas' didorong oleh: iv_regime (+0.325), skew_pressure (+0.282)",0.8123115351937799,0.806357745743516,0.8123115351937799,0.2067,0.1367,150
V,0.7764,beli_konveksitas,"Tier 'beli_konveksitas' didorong oleh: skew_pressure (+0.298), iv_regime (+0.294)",0.7351903434018544,0.8529336399001565,0.7351903434018544,0.1904,0.154,97
AAPL,0.7708,beli_konveksitas,"Tier 'beli_konveksitas' didorong oleh: iv_regime (+0.300), skew_pressure (+0.283)",0.7504708549445808,0.808431916081031,0.7504708549445808,0.1936,0.1374,79
PLTR,0.7679,beli_konveksitas,"Tier 'beli_konveksitas' didorong oleh: iv_regime (+0.305), skew_pressure (+0.272)",0.7635841691876715,0.7759741903763994,0.7635841691876715,0.1964,0.1253,155
LLY,0.7626,beli_konveksitas,"Tier 'beli_konveksitas' didorong oleh: skew_pressure (+0.294), iv_regime (+0.288)",0.7202207230215723,0.8410626753161197,0.7202207230215723,0.1873,0.1496,238
QCOM,0.743,beli_konveksitas,"Tier 'beli_konveksitas' didorong oleh: skew_pressure (+0.300), iv_regime (+0.272)",0.6809296588755915,0.8582946028128067,0.6809296588755915,0.179,0.156,87
GOOGL,0.724,beli_konveksitas,"Tier 'beli_konveksitas' didorong oleh: iv_regime (+0.358), rich_premium (+0.224)",0.8963668358593533,0.40403664574533427,0.8963668358593533,0.2244,-0.0133,72
CRM,0.7068,beli_konveksitas,"Tier 'beli_konveksitas' didorong oleh: iv_regime (+0.324), rich_premium (+0.202)",0.809724229608641,0.5156218370979921,0.809724229608641,0.2061,0.0283,112
MSFT,0.6992,beli_konveksitas,"Tier 'beli_konveksitas' didorong oleh: skew_pressure (+0.291), iv_regime (+0.251)",0.6272123331153076,0.8328117886236858,0.6272123331153076,0.1677,0.1465,96
AMZN,0.6928,beli_konveksitas,"Tier 'beli_konveksitas' didorong oleh: iv_regime (+0.332), rich_premium (+0.207)",0.8293299341866321,0.43956563329611253,0.8293299341866321,0.2103,-0.0001,69
TSLA,0.6739,beli_konveksitas,"Tier 'beli_konveksitas' didorong oleh: iv_regime (+0.267), skew_pressure (+0.240)",0.6678311301398827,0.685251545929566,0.6678311301398827,0.1762,0.0915,110
AVGO,0.6609,beli_konveksitas,"Tier 'beli_konveksitas' didorong oleh: iv_regime (+0.326), rich_premium (+0.204)",0.8148868298705825,0.3748043316385101,0.8148868298705825,0.2072,-0.0242,86
SLV,0.6581,beli_konveksitas,"Tier 'beli_konveksitas' didorong oleh: iv_regime (+0.327), rich_premium (+0.204)",0.8181664184160491,0.36084699846256985,0.8181664184160491,0.2079,-0.0294,85
SNAP,0.6577,beli_konveksitas,"Tier 'beli_konveksitas' didorong oleh: iv_regime (+0.299), rich_premium (+0.187)",0.7475462829980632,0.49095617686466697,0.7475462829980632,0.193,0.0191,34
MRK,0.6563,beli_konveksitas,"Tier 'beli_konveksitas' didorong oleh: iv_regime (+0.263), skew_pressure (+0.228)",0.6585696223846903,0.6523219667243602,0.6585696223846903,0.1743,0.0792,87
COST,0.6415,beli_konveksitas,"Tier 'beli_konveksitas' didorong oleh: iv_regime (+0.273), skew_pressure (+0.197)",0.6834536136831105,0.5634739328235201,0.6834536136831105,0.1795,0.0461,192
XOM,0.6214,beli_konveksitas,"Tier 'beli_konveksitas' didorong oleh: iv_regime (+0.254), skew_pressure (+0.208)",0.6359279387367609,0.5942929804873268,0.6359279387367609,0.1695,0.0576,62
UNH,0.6114,beli_konveksitas,"Tier 'beli_konveksitas' didorong oleh: iv_regime (+0.254), skew_pressure (+0.198)",0.6357552867396884,0.5663169454623811,0.6357552867396884,0.1695,0.0472,135
RIVN,0.6096,beli_konveksitas,"Tier 'beli_konveksitas' didorong oleh: iv_regime (+0.305), rich_premium (+0.191)",0.7636449818344136,0.3235214460371913,0.7636449818344136,0.1964,-0.0433,57
SOFI,0.5978,jual_premi,"Tier 'jual_premi' didorong oleh: iv_regime (+0.300), rich_premium (+0.188)",0.7507984350308335,0.31380468780105053,0.7507984350308335,0.1937,-0.0469,63
JPM,0.555,jual_premi,"Tier 'jual_premi' didorong oleh: skew_pressure (+0.222), iv_regime (+0.205)",0.5131158884099699,0.6328130786160081,0.5131158884099699,0.1436,0.072,91
PYPL,0.5403,jual_premi,"Tier 'jual_premi' didorong oleh: iv_regime (+0.260), rich_premium (+0.163)",0.6509885052506322,0.33481170700997104,0.6509885052506322,0.1727,-0.0391,65
GLD,0.5329,jual_premi,"Tier 'jual_premi' didorong oleh: iv_regime (+0.276), rich_premium (+0.172)",0.6898263506433997,0.2414141071704252,0.6898263506433997,0.1809,-0.0739,162
IWM,0.5123,jual_premi,"Tier 'jual_premi' didorong oleh: iv_regime (+0.204), skew_pressure (+0.181)",0.509905358502363,0.5165110113955398,0.509905358502363,0.1429,0.0286,103
HD,0.5031,jual_premi,"Tier 'jual_premi' didorong oleh: iv_regime (+0.296), rich_premium (+0.185)",0.7389818632831373,0.0651986784956589,0.7389818632831373,0.1912,-0.1396,99
CVX,0.4912,jual_premi,"Tier 'jual_premi' didorong oleh: iv_regime (+0.196), skew_pressure (+0.172)",0.4907628723386892,0.4920701543251713,0.4907628723386892,0.1389,0.0195,58
SPY,0.4629,jual_premi,"Tier 'jual_premi' didorong oleh: skew_pressure (+0.232), iv_regime (+0.142)",0.35584599157079394,0.6618242290455387,0.35584599157079394,0.1104,0.0828,282
WMT,0.4562,jual_premi,"Tier 'jual_premi' didorong oleh: iv_regime (+0.187), skew_pressure (+0.153)",0.4663766896840362,0.4372798314173409,0.4663766896840362,0.1337,-0.0009,86
BAC,0.4434,jual_premi,"Tier 'jual_premi' didorong oleh: iv_regime (+0.230), rich_premium (+0.144)",0.5743904561231603,0.19991316352922994,0.5743904561231603,0.1565,-0.0894,61
ORCL,0.41,jual_premi,"Tier 'jual_premi' didorong oleh: iv_regime (+0.202), rich_premium (+0.126)",0.5036997505941392,0.23602439428509908,0.5036997505941392,0.1416,-0.0759,130
NFLX,0.405,jual_premi,"Tier 'jual_premi' didorong oleh: iv_regime (+0.249), rich_premium (+0.156)",0.6230065167277333,0.0,0.6230065167277333,0.1668,-0.1639,87
KO,0.3957,jual_premi,"Tier 'jual_premi' didorong oleh: skew_pressure (+0.187), iv_regime (+0.129)",0.3213471461219145,0.5340950139999461,0.3213471461219145,0.1032,0.0352,54
TLT,0.3505,jual_premi,"Tier 'jual_premi' didorong oleh: iv_regime (+0.182), rich_premium (+0.114)",0.4559509090331148,0.15453173341235854,0.4559509090331148,0.1315,-0.1063,55
UBER,0.3446,abaikan,"Tier 'abaikan' didorong oleh: iv_regime (+0.196), rich_premium (+0.123)",0.4902193661212132,0.07392147540137305,0.4902193661212132,0.1388,-0.1364,67
HYG,0.1841,abaikan,Tier 'abaikan' didorong oleh: skew_pressure (+0.184),0.0,0.5260532642922424,0.0,0.0354,0.0322,32
