ticker,contracts,total_oi,oi_notional_usd,gamma_proxy_sum,avg_iv_pct,gex_share_pct
DIA,322,9328,2914836.0,3159.0,24.0,100.0
AAPL,79,0,0.0,0.0,19.4,0.0
AMD,232,0,0.0,0.0,22.8,0.0
AVGO,86,0,0.0,0.0,20.7,0.0
AMZN,69,0,0.0,0.0,21.0,0.0
BAC,61,0,0.0,0.0,15.7,0.0
COST,192,0,0.0,0.0,18.0,0.0
CRM,112,0,0.0,0.0,20.6,0.0
CVX,58,0,0.0,0.0,13.9,0.0
GLD,162,0,0.0,0.0,18.1,0.0
GOOGL,72,0,0.0,0.0,22.4,0.0
HD,99,0,0.0,0.0,19.1,0.0
HYG,32,0,0.0,0.0,3.5,0.0
INTC,150,0,0.0,0.0,20.7,0.0
IWM,103,0,0.0,0.0,14.3,0.0
JPM,91,0,0.0,0.0,14.4,0.0
KO,54,0,0.0,0.0,10.3,0.0
LLY,238,0,0.0,0.0,18.7,0.0
META,230,0,0.0,0.0,23.6,0.0
MRK,87,0,0.0,0.0,17.4,0.0
MSFT,96,0,0.0,0.0,16.8,0.0
MU,210,0,0.0,0.0,24.6,0.0
NFLX,87,0,0.0,0.0,16.7,0.0
NVDA,86,0,0.0,0.0,22.2,0.0
ORCL,130,0,0.0,0.0,14.2,0.0
PLTR,155,0,0.0,0.0,19.6,0.0
PYPL,65,0,0.0,0.0,17.3,0.0
QCOM,87,0,0.0,0.0,17.9,0.0
QQQ,277,0,0.0,0.0,20.1,0.0
RIVN,57,0,0.0,0.0,19.6,0.0
SLV,85,0,0.0,0.0,20.8,0.0
SNAP,34,0,0.0,0.0,19.3,0.0
SOFI,63,0,0.0,0.0,19.4,0.0
SPY,282,0,0.0,0.0,11.0,0.0
TLT,55,0,0.0,0.0,13.2,0.0
TSLA,110,0,0.0,0.0,17.6,0.0
UBER,67,0,0.0,0.0,13.9,0.0
UNH,135,0,0.0,0.0,16.9,0.0
V,97,0,0.0,0.0,19.0,0.0
WMT,86,0,0.0,0.0,13.4,0.0
XOM,62,0,0.0,0.0,16.9,0.0
