ticker,n,iv_itm,iv_otm,iv_skew_pct
MU,37,0.0,73.1,73.1
INTC,14,0.0,68.8,68.8
SOFI,7,0.0,52.0,52.0
QCOM,11,14.6,58.7,44.1
AMD,34,52.9,94.5,41.6
NVDA,15,10.0,51.2,41.2
TSLA,17,17.9,48.8,30.9
QQQ,56,46.8,37.8,-9.0
UBER,9,63.9,54.2,-9.7
ORCL,13,85.0,71.4,-13.6
SPY,40,57.9,36.0,-21.9
AAPL,11,59.3,35.2,-24.1
PLTR,14,109.4,82.3,-27.1
CRM,6,90.2,57.1,-33.1
META,19,82.4,42.1,-40.3
NFLX,9,107.3,52.9,-54.4
AVGO,14,136.8,55.4,-81.4
MSFT,15,135.9,43.9,-92.0
LLY,10,215.5,84.7,-130.8
AMZN,12,227.1,50.8,-176.3
GOOGL,11,228.7,48.4,-180.3
