ticker,contracts,median_spread_pct,median_oi,total_volume,median_price,vol_per_oi
COST,192,7.1,0.0,20220.0,0.0,
JPM,91,7.85,0.0,15006.0,0.0,
LLY,238,7.86,0.0,9711.0,0.0,
DIA,322,9.71,0.0,9951.0,0.0,
AAPL,79,,0.0,183692.0,0.0,
AMD,232,,0.0,68557.0,0.0,
AMZN,69,,0.0,148627.0,0.0,
AVGO,86,,0.0,28493.0,0.0,
BAC,61,,0.0,37301.0,0.0,
CRM,112,,0.0,13830.0,0.0,
CVX,58,,0.0,23129.0,0.0,
GLD,162,,0.0,26661.0,0.0,
GOOGL,72,,0.0,54058.0,0.0,
HD,99,,0.0,7158.0,0.0,
HYG,32,,0.0,20922.0,0.0,
INTC,150,,0.0,104721.0,0.0,
IWM,103,,0.0,159883.0,0.0,
KO,54,,0.0,21209.0,0.0,
META,230,,0.0,168624.0,0.0,
MRK,87,,0.0,2713.0,0.0,
MSFT,96,,0.0,165628.0,0.0,
MU,210,,0.0,164543.0,0.0,
NFLX,87,,0.0,57774.0,0.0,
NVDA,86,,0.0,345692.0,0.0,
ORCL,130,,0.0,103601.0,0.0,
PLTR,155,,0.0,100646.0,0.0,
PYPL,65,,0.0,71194.0,0.0,
QCOM,87,,0.0,36371.0,0.0,
QQQ,277,,0.0,1002016.0,0.0,
RIVN,57,,0.0,22157.0,0.0,
SLV,85,,0.0,28485.0,0.0,
SNAP,34,,0.0,7321.0,0.0,
SOFI,63,,0.0,62322.0,0.0,
SPY,282,,0.0,1330339.0,0.0,
TLT,55,,0.0,152856.0,0.0,
TSLA,110,,0.0,425911.0,0.0,
UBER,67,,0.0,15668.0,0.0,
UNH,135,,0.0,9635.0,0.0,
V,97,,0.0,3972.0,0.0,
WMT,86,,0.0,23024.0,0.0,
XOM,62,,0.0,25619.0,0.0,
