,ticker,strike,moneyness,openInterest,mid_price,impliedVolatility,gamma_proxy
1083,DIA,428.0,0.827,1195,0.165,0.929,437.84
1081,DIA,426.0,0.823,1083,0.155,0.941,391.263
1074,DIA,419.0,0.81,1018,0.13,0.988,350.645
1084,DIA,429.0,0.829,944,0.31,1.005,348.341
1076,DIA,421.0,0.814,964,0.135,0.975,336.524
1088,DIA,433.0,0.837,706,0.95,1.167,268.167
1055,DIA,340.0,0.657,1038,0.025,1.563,234.321
1064,DIA,385.0,0.744,550,0.035,1.164,154.484
1053,DIA,330.0,0.638,522,0.025,1.664,112.912
1066,DIA,395.0,0.763,330,0.06,1.129,98.01
934,DIA,468.0,0.904,177,40.1,0.0,90.475
967,DIA,501.0,0.968,118,35.325,1.427,89.485
1063,DIA,380.0,0.734,236,0.365,1.589,64.536
912,DIA,445.0,0.86,118,50.75,0.0,49.15
1048,DIA,610.0,1.179,110,0.03,0.66,39.46
