,ticker,strike,moneyness,mid_price,impliedVolatility,volume,openInterest,spread_pct,delta_score,vol_oi_score,gamma_score,composite_score
0,QQQ,728.0,1.001416880116628,2.38,18.9,9806.0,1956,0.84,97.714579617691,100.0,63.11305379231771,99.86
1,QQQ,727.0,1.0000413074791052,2.685,17.8,14386.0,2577,0.37,99.98217326495374,100.0,59.41029134114584,99.85
2,SPY,777.0,1.0023090233312373,1.885,16.6,36813.0,6953,0.53,96.276504075289,100.0,55.341321614583336,97.35
3,AMD,492.5,1.0050712432829132,6.475,74.3,812.0,135,6.95,91.97884702243913,100.0,100.0,96.79
4,SPY,776.0,1.0010190503282368,2.305,16.6,29435.0,6203,0.43,98.36404361269852,94.89521047410764,55.3006319173177,96.38
5,QQQ,726.0,0.9986657348415824,3.16,17.5,12176.0,2825,0.63,97.84903042904102,86.17338335894794,58.3930489095052,93.9
6,NVDA,222.5,1.0121457405572751,0.815,40.6,28659.0,7837,3.68,81.9373089830415,73.08241744767886,100.0,93.35
7,NVDA,220.0,1.0007733165060697,1.6549999999999998,38.2,67381.0,27949,0.6,98.76777025625432,48.110578845280735,100.0,91.35
8,AMD,490.0,0.9999693587992436,9.025,87.8,1478.0,425,6.09,100.0,69.4903036476034,90.22811920166016,86.88
9,META,597.5,0.9988632306594885,3.875,29.6,747.0,252,9.03,98.17133303205604,59.20195439739414,98.79791829427084,84.69
10,SPY,779.0,1.0048889693372378,1.275,17.1,20117.0,6070,0.78,92.25546615444352,66.21399688360634,56.96890950520833,84.32
11,SPY,790.0,1.0190786723702412,0.185,22.0,6107.0,1674,5.41,73.2542756096523,72.907340736931,73.40754720052081,83.17
12,AMD,495.0,1.0101731277665829,5.425,74.2,1112.0,325,6.45,84.60757599860769,68.36582310197944,100.0,82.77
13,NVDA,227.5,1.0348905886596858,0.185,46.3,9122.0,2653,5.41,56.79009274384804,68.7031795710603,100.0,81.76
14,TSLA,325.0,1.002405770083154,2.03,35.8,7509.0,6753,2.96,96.1220606818804,22.079030269648715,100.0,81.18
15,SPY,778.0,1.0035989963342375,1.585,17.0,19202.0,7056,0.63,94.24095094201968,54.33368301317898,56.80615071614584,80.91
16,QQQ,729.0,1.002792452754151,1.995,19.1,7356.0,3082,0.5,95.50767602481686,47.627714630879616,63.64201985677084,80.78
17,NVDA,225.0,1.0235181646084806,0.385,43.1,25261.0,9698,2.6,68.20603790882596,51.99672488724012,100.0,80.48
18,SPY,783.0,1.010048861349239,0.535,18.0,10637.0,3581,1.87,84.77899693130357,59.32447825358641,59.89856770833334,79.65
19,QQQ,730.0,1.0041680253916738,1.71,19.7,16176.0,7126,1.17,93.35905819064064,45.28761733339576,65.5951253255208,79.59
